Tier,Technology,Architecture,Value
B/S1:1.75,.NET,Monolith,0.03363
B/S1:1.75,.NET,Monolith,0.0336
B/S1:1.75,.NET,Monolith,0.03355
B/S1:1.75,.NET,Monolith,0.03354
B/S1:1.75,.NET,Monolith,0.03347
B/S1:1.75,.NET,Monolith,0.03351
B/S1:1.75,.NET,Monolith,0.0335
B/S1:1.75,.NET,Monolith,0.03359
B/S1:1.75,.NET,Monolith,0.03353
B/S1:1.75,.NET,Monolith,0.03354
B/S1:1.75,.NET,Monolith,0.03357
B/S1:1.75,.NET,Monolith,0.03344
B/S1:1.75,.NET,Monolith,0.03349
B/S1:1.75,.NET,Monolith,0.03349
B/S1:1.75,.NET,Monolith,0.03346
B/S1:1.75,.NET,Monolith,0.03347
B/S1:1.75,.NET,Monolith,0.03357
B/S1:1.75,.NET,Monolith,0.03365
B/S1:1.75,.NET,Monolith,0.03374
B/S1:1.75,.NET,Monolith,0.03388
B/S1:1.75,Java,Monolith,0.04991
B/S1:1.75,Java,Monolith,0.04995
B/S1:1.75,Java,Monolith,0.05
B/S1:1.75,Java,Monolith,0.05002
B/S1:1.75,Java,Monolith,0.05005
B/S1:1.75,Java,Monolith,0.05009
B/S1:1.75,Java,Monolith,0.05012
B/S1:1.75,Java,Monolith,0.05015
B/S1:1.75,Java,Monolith,0.05018
B/S1:1.75,Java,Monolith,0.05021
B/S1:1.75,Java,Monolith,0.05024
B/S1:1.75,Java,Monolith,0.05028
B/S1:1.75,Java,Monolith,0.05028
B/S1:1.75,Java,Monolith,0.05027
B/S1:1.75,Java,Monolith,0.05026
B/S1:1.75,Java,Monolith,0.05027
B/S1:1.75,Java,Monolith,0.05028
B/S1:1.75,Java,Monolith,0.05027
B/S1:1.75,Java,Monolith,0.0503
B/S1:1.75,Java,Monolith,0.0504
S2:3.5,Java,Monolith,0.07171
S2:3.5,Java,Monolith,0.07292
S2:3.5,Java,Monolith,0.073
S2:3.5,Java,Monolith,0.07322
S2:3.5,Java,Monolith,0.07301
S2:3.5,Java,Monolith,0.07311
S2:3.5,Java,Monolith,0.07292
S2:3.5,Java,Monolith,0.07284
S2:3.5,Java,Monolith,0.07296
S2:3.5,Java,Monolith,0.07309
S2:3.5,Java,Monolith,0.07329
S2:3.5,Java,Monolith,0.0735
S2:3.5,Java,Monolith,0.07372
S2:3.5,Java,Monolith,0.07394
S2:3.5,Java,Monolith,0.07417
S2:3.5,Java,Monolith,0.07443
S2:3.5,Java,Monolith,0.07452
S2:3.5,Java,Monolith,0.07504
S2:3.5,Java,Monolith,0.07521
S2:3.5,Java,Monolith,0.07551
S4:7,Java,Monolith,0.18302
S4:7,Java,Monolith,0.18388
S4:7,Java,Monolith,0.18397
S4:7,Java,Monolith,0.18429
S4:7,Java,Monolith,0.18439
S4:7,Java,Monolith,0.18444
S4:7,Java,Monolith,0.18411
S4:7,Java,Monolith,0.18448
S4:7,Java,Monolith,0.18451
S4:7,Java,Monolith,0.18462
S4:7,Java,Monolith,0.18452
S4:7,Java,Monolith,0.18467
S4:7,Java,Monolith,0.18475
S4:7,Java,Monolith,0.18456
S4:7,Java,Monolith,0.18477
S4:7,Java,Monolith,0.18513
S4:7,Java,Monolith,0.18531
S4:7,Java,Monolith,0.18572
S4:7,Java,Monolith,0.1864
S4:7,Java,Monolith,0.18672
S2:3.5,.NET,Monolith,0.06696
S2:3.5,.NET,Monolith,0.06679
S2:3.5,.NET,Monolith,0.06663
S2:3.5,.NET,Monolith,0.06744
S2:3.5,.NET,Monolith,0.06747
S2:3.5,.NET,Monolith,0.06766
S2:3.5,.NET,Monolith,0.06774
S2:3.5,.NET,Monolith,0.06825
S2:3.5,.NET,Monolith,0.06855
S2:3.5,.NET,Monolith,0.06883
S2:3.5,.NET,Monolith,0.06905
S2:3.5,.NET,Monolith,0.06927
S2:3.5,.NET,Monolith,0.06951
S2:3.5,.NET,Monolith,0.0697
S2:3.5,.NET,Monolith,0.0699
S2:3.5,.NET,Monolith,0.07013
S2:3.5,.NET,Monolith,0.07038
S2:3.5,.NET,Monolith,0.07062
S2:3.5,.NET,Monolith,0.07083
S2:3.5,.NET,Monolith,0.07102
S4:7,.NET,Monolith,0.13593
S4:7,.NET,Monolith,0.13598
S4:7,.NET,Monolith,0.13617
S4:7,.NET,Monolith,0.13622
S4:7,.NET,Monolith,0.13599
S4:7,.NET,Monolith,0.13605
S4:7,.NET,Monolith,0.13583
S4:7,.NET,Monolith,0.13574
S4:7,.NET,Monolith,0.13565
S4:7,.NET,Monolith,0.13593
S4:7,.NET,Monolith,0.13595
S4:7,.NET,Monolith,0.13622
S4:7,.NET,Monolith,0.13658
S4:7,.NET,Monolith,0.13697
S4:7,.NET,Monolith,0.13746
S4:7,.NET,Monolith,0.13762
S4:7,.NET,Monolith,0.13788
S4:7,.NET,Monolith,0.13819
S4:7,.NET,Monolith,0.13839
S4:7,.NET,Monolith,0.13888
B/S1:1.75,.NET,MSx1,0.03138
B/S1:1.75,.NET,MSx1,0.03132
B/S1:1.75,.NET,MSx1,0.03128
B/S1:1.75,.NET,MSx1,0.03125
B/S1:1.75,.NET,MSx1,0.03126
B/S1:1.75,.NET,MSx1,0.03116
B/S1:1.75,.NET,MSx1,0.03117
B/S1:1.75,.NET,MSx1,0.03118
B/S1:1.75,.NET,MSx1,0.03114
B/S1:1.75,.NET,MSx1,0.03105
B/S1:1.75,.NET,MSx1,0.03106
B/S1:1.75,.NET,MSx1,0.03105
B/S1:1.75,.NET,MSx1,0.03106
B/S1:1.75,.NET,MSx1,0.03107
B/S1:1.75,.NET,MSx1,0.03103
B/S1:1.75,.NET,MSx1,0.03105
B/S1:1.75,.NET,MSx1,0.03112
B/S1:1.75,.NET,MSx1,0.03119
B/S1:1.75,.NET,MSx1,0.03131
B/S1:1.75,.NET,MSx1,0.03142
B/S1:1.75,Java,MSx1,0.0286
B/S1:1.75,Java,MSx1,0.02861
B/S1:1.75,Java,MSx1,0.0286
B/S1:1.75,Java,MSx1,0.02862
B/S1:1.75,Java,MSx1,0.02849
B/S1:1.75,Java,MSx1,0.02848
B/S1:1.75,Java,MSx1,0.02849
B/S1:1.75,Java,MSx1,0.02849
B/S1:1.75,Java,MSx1,0.02851
B/S1:1.75,Java,MSx1,0.02851
B/S1:1.75,Java,MSx1,0.02851
B/S1:1.75,Java,MSx1,0.02851
B/S1:1.75,Java,MSx1,0.02852
B/S1:1.75,Java,MSx1,0.0285
B/S1:1.75,Java,MSx1,0.0285
B/S1:1.75,Java,MSx1,0.02851
B/S1:1.75,Java,MSx1,0.02855
B/S1:1.75,Java,MSx1,0.02863
B/S1:1.75,Java,MSx1,0.02873
B/S1:1.75,Java,MSx1,0.02887
S2:3.5,Java,MSx1,0.0862
S2:3.5,Java,MSx1,0.08604
S2:3.5,Java,MSx1,0.08601
S2:3.5,Java,MSx1,0.08583
S2:3.5,Java,MSx1,0.08576
S2:3.5,Java,MSx1,0.08571
S2:3.5,Java,MSx1,0.08563
S2:3.5,Java,MSx1,0.0856
S2:3.5,Java,MSx1,0.0856
S2:3.5,Java,MSx1,0.08557
S2:3.5,Java,MSx1,0.08544
S2:3.5,Java,MSx1,0.08528
S2:3.5,Java,MSx1,0.08541
S2:3.5,Java,MSx1,0.08574
S2:3.5,Java,MSx1,0.08593
S2:3.5,Java,MSx1,0.08616
S2:3.5,Java,MSx1,0.08642
S2:3.5,Java,MSx1,0.08671
S2:3.5,Java,MSx1,0.08706
S2:3.5,Java,MSx1,0.08751
S4:7,Java,MSx1,0.17677
S4:7,Java,MSx1,0.17746
S4:7,Java,MSx1,0.17762
S4:7,Java,MSx1,0.17773
S4:7,Java,MSx1,0.17752
S4:7,Java,MSx1,0.17744
S4:7,Java,MSx1,0.17706
S4:7,Java,MSx1,0.17689
S4:7,Java,MSx1,0.17665
S4:7,Java,MSx1,0.17654
S4:7,Java,MSx1,0.17627
S4:7,Java,MSx1,0.17621
S4:7,Java,MSx1,0.17614
S4:7,Java,MSx1,0.17574
S4:7,Java,MSx1,0.17545
S4:7,Java,MSx1,0.17546
S4:7,Java,MSx1,0.17567
S4:7,Java,MSx1,0.17567
S4:7,Java,MSx1,0.17597
S4:7,Java,MSx1,0.17643
S2:3.5,.NET,MSx1,0.07695
S2:3.5,.NET,MSx1,0.07703
S2:3.5,.NET,MSx1,0.07684
S2:3.5,.NET,MSx1,0.0768
S2:3.5,.NET,MSx1,0.07674
S2:3.5,.NET,MSx1,0.07644
S2:3.5,.NET,MSx1,0.07644
S2:3.5,.NET,MSx1,0.07631
S2:3.5,.NET,MSx1,0.07633
S2:3.5,.NET,MSx1,0.07646
S2:3.5,.NET,MSx1,0.07679
S2:3.5,.NET,MSx1,0.07673
S2:3.5,.NET,MSx1,0.07689
S2:3.5,.NET,MSx1,0.07706
S2:3.5,.NET,MSx1,0.07724
S2:3.5,.NET,MSx1,0.07736
S2:3.5,.NET,MSx1,0.07755
S2:3.5,.NET,MSx1,0.07785
S2:3.5,.NET,MSx1,0.07817
S2:3.5,.NET,MSx1,0.07847
S4:7,.NET,MSx1,0.13185
S4:7,.NET,MSx1,0.13194
S4:7,.NET,MSx1,0.13201
S4:7,.NET,MSx1,0.13214
S4:7,.NET,MSx1,0.13169
S4:7,.NET,MSx1,0.13129
S4:7,.NET,MSx1,0.13119
S4:7,.NET,MSx1,0.13079
S4:7,.NET,MSx1,0.13085
S4:7,.NET,MSx1,0.13112
S4:7,.NET,MSx1,0.13073
S4:7,.NET,MSx1,0.13074
S4:7,.NET,MSx1,0.13087
S4:7,.NET,MSx1,0.13095
S4:7,.NET,MSx1,0.13128
S4:7,.NET,MSx1,0.13169
S4:7,.NET,MSx1,0.13186
S4:7,.NET,MSx1,0.13216
S4:7,.NET,MSx1,0.13245
S4:7,.NET,MSx1,0.13243
B/S1:1.75,.NET,MSx3,0.07013
B/S1:1.75,.NET,MSx3,0.07008
B/S1:1.75,.NET,MSx3,0.06988
B/S1:1.75,.NET,MSx3,0.06952
B/S1:1.75,.NET,MSx3,0.06996
B/S1:1.75,.NET,MSx3,0.07005
B/S1:1.75,.NET,MSx3,0.07006
B/S1:1.75,.NET,MSx3,0.06982
B/S1:1.75,.NET,MSx3,0.06986
B/S1:1.75,.NET,MSx3,0.06957
B/S1:1.75,.NET,MSx3,0.06997
B/S1:1.75,.NET,MSx3,0.06969
B/S1:1.75,.NET,MSx3,0.06968
B/S1:1.75,.NET,MSx3,0.07007
B/S1:1.75,.NET,MSx3,0.07035
B/S1:1.75,.NET,MSx3,0.07048
B/S1:1.75,.NET,MSx3,0.07057
B/S1:1.75,.NET,MSx3,0.07067
B/S1:1.75,.NET,MSx3,0.07087
B/S1:1.75,.NET,MSx3,0.07095
B/S1:1.75,Java,MSx3,0.06889
B/S1:1.75,Java,MSx3,0.06911
B/S1:1.75,Java,MSx3,0.06989
B/S1:1.75,Java,MSx3,0.07075
B/S1:1.75,Java,MSx3,0.07079
B/S1:1.75,Java,MSx3,0.0708
B/S1:1.75,Java,MSx3,0.07069
B/S1:1.75,Java,MSx3,0.07078
B/S1:1.75,Java,MSx3,0.07087
B/S1:1.75,Java,MSx3,0.07067
B/S1:1.75,Java,MSx3,0.07057
B/S1:1.75,Java,MSx3,0.07067
B/S1:1.75,Java,MSx3,0.07057
B/S1:1.75,Java,MSx3,0.07047
B/S1:1.75,Java,MSx3,0.07089
B/S1:1.75,Java,MSx3,0.07099
B/S1:1.75,Java,MSx3,0.07136
B/S1:1.75,Java,MSx3,0.07167
B/S1:1.75,Java,MSx3,0.07186
B/S1:1.75,Java,MSx3,0.07221
S2:3.5,Java,MSx3,0.18828
S2:3.5,Java,MSx3,0.18845
S2:3.5,Java,MSx3,0.18817
S2:3.5,Java,MSx3,0.18733
S2:3.5,Java,MSx3,0.18728
S2:3.5,Java,MSx3,0.18719
S2:3.5,Java,MSx3,0.18729
S2:3.5,Java,MSx3,0.18699
S2:3.5,Java,MSx3,0.18623
S2:3.5,Java,MSx3,0.18593
S2:3.5,Java,MSx3,0.18548
S2:3.5,Java,MSx3,0.18519
S2:3.5,Java,MSx3,0.18565
S2:3.5,Java,MSx3,0.18583
S2:3.5,Java,MSx3,0.18604
S2:3.5,Java,MSx3,0.1869
S2:3.5,Java,MSx3,0.18713
S2:3.5,Java,MSx3,0.18719
S2:3.5,Java,MSx3,0.18753
S2:3.5,Java,MSx3,0.18766
S4:7,Java,MSx3,0.24928
S4:7,Java,MSx3,0.24992
S4:7,Java,MSx3,0.25069
S4:7,Java,MSx3,0.25147
S4:7,Java,MSx3,0.25216
S4:7,Java,MSx3,0.25288
S4:7,Java,MSx3,0.25379
S4:7,Java,MSx3,0.25455
S4:7,Java,MSx3,0.25499
S4:7,Java,MSx3,0.25532
S4:7,Java,MSx3,0.25546
S4:7,Java,MSx3,0.25552
S4:7,Java,MSx3,0.25615
S4:7,Java,MSx3,0.25636
S4:7,Java,MSx3,0.25646
S4:7,Java,MSx3,0.25674
S4:7,Java,MSx3,0.25721
S4:7,Java,MSx3,0.25704
S4:7,Java,MSx3,0.25782
S4:7,Java,MSx3,0.25787
S2:3.5,.NET,MSx3,0.17325
S2:3.5,.NET,MSx3,0.17326
S2:3.5,.NET,MSx3,0.17282
S2:3.5,.NET,MSx3,0.17205
S2:3.5,.NET,MSx3,0.17208
S2:3.5,.NET,MSx3,0.17094
S2:3.5,.NET,MSx3,0.171
S2:3.5,.NET,MSx3,0.1706
S2:3.5,.NET,MSx3,0.17055
S2:3.5,.NET,MSx3,0.17001
S2:3.5,.NET,MSx3,0.16998
S2:3.5,.NET,MSx3,0.16942
S2:3.5,.NET,MSx3,0.17036
S2:3.5,.NET,MSx3,0.17044
S2:3.5,.NET,MSx3,0.17043
S2:3.5,.NET,MSx3,0.17011
S2:3.5,.NET,MSx3,0.17095
S2:3.5,.NET,MSx3,0.1709
S2:3.5,.NET,MSx3,0.17085
S2:3.5,.NET,MSx3,0.17085
S4:7,.NET,MSx3,0.22523
S4:7,.NET,MSx3,0.22531
S4:7,.NET,MSx3,0.22542
S4:7,.NET,MSx3,0.2267
S4:7,.NET,MSx3,0.23154
S4:7,.NET,MSx3,0.23475
S4:7,.NET,MSx3,0.23492
S4:7,.NET,MSx3,0.23459
S4:7,.NET,MSx3,0.2348
S4:7,.NET,MSx3,0.23496
S4:7,.NET,MSx3,0.23479
S4:7,.NET,MSx3,0.23484
S4:7,.NET,MSx3,0.23512
S4:7,.NET,MSx3,0.23491
S4:7,.NET,MSx3,0.23509
S4:7,.NET,MSx3,0.23507
S4:7,.NET,MSx3,0.23506
S4:7,.NET,MSx3,0.23477
S4:7,.NET,MSx3,0.23472
S4:7,.NET,MSx3,0.23488
B/S1:1.75,.NET,MSx6,0.11714
B/S1:1.75,.NET,MSx6,0.11762
B/S1:1.75,.NET,MSx6,0.11769
B/S1:1.75,.NET,MSx6,0.11749
B/S1:1.75,.NET,MSx6,0.11819
B/S1:1.75,.NET,MSx6,0.11838
B/S1:1.75,.NET,MSx6,0.11842
B/S1:1.75,.NET,MSx6,0.11854
B/S1:1.75,.NET,MSx6,0.11798
B/S1:1.75,.NET,MSx6,0.11814
B/S1:1.75,.NET,MSx6,0.1176
B/S1:1.75,.NET,MSx6,0.11736
B/S1:1.75,.NET,MSx6,0.1174
B/S1:1.75,.NET,MSx6,0.1176
B/S1:1.75,.NET,MSx6,0.11743
B/S1:1.75,.NET,MSx6,0.11729
B/S1:1.75,.NET,MSx6,0.11764
B/S1:1.75,.NET,MSx6,0.11785
B/S1:1.75,.NET,MSx6,0.11802
B/S1:1.75,.NET,MSx6,0.11805
B/S1:1.75,Java,MSx6,0.14338
B/S1:1.75,Java,MSx6,0.14346
B/S1:1.75,Java,MSx6,0.14368
B/S1:1.75,Java,MSx6,0.1437
B/S1:1.75,Java,MSx6,0.14418
B/S1:1.75,Java,MSx6,0.14458
B/S1:1.75,Java,MSx6,0.14458
B/S1:1.75,Java,MSx6,0.14455
B/S1:1.75,Java,MSx6,0.14449
B/S1:1.75,Java,MSx6,0.14401
B/S1:1.75,Java,MSx6,0.14338
B/S1:1.75,Java,MSx6,0.1427
B/S1:1.75,Java,MSx6,0.14208
B/S1:1.75,Java,MSx6,0.14312
B/S1:1.75,Java,MSx6,0.14234
B/S1:1.75,Java,MSx6,0.14296
B/S1:1.75,Java,MSx6,0.14279
B/S1:1.75,Java,MSx6,0.14335
B/S1:1.75,Java,MSx6,0.14399
B/S1:1.75,Java,MSx6,0.14394
S2:3.5,Java,MSx6,0.26438
S2:3.5,Java,MSx6,0.26428
S2:3.5,Java,MSx6,0.26427
S2:3.5,Java,MSx6,0.26465
S2:3.5,Java,MSx6,0.26484
S2:3.5,Java,MSx6,0.26484
S2:3.5,Java,MSx6,0.26514
S2:3.5,Java,MSx6,0.26507
S2:3.5,Java,MSx6,0.26425
S2:3.5,Java,MSx6,0.26406
S2:3.5,Java,MSx6,0.2638
S2:3.5,Java,MSx6,0.26356
S2:3.5,Java,MSx6,0.26379
S2:3.5,Java,MSx6,0.26465
S2:3.5,Java,MSx6,0.26442
S2:3.5,Java,MSx6,0.26437
S2:3.5,Java,MSx6,0.2642
S2:3.5,Java,MSx6,0.26426
S2:3.5,Java,MSx6,0.26388
S2:3.5,Java,MSx6,0.26381
S4:7,Java,MSx6,0.28479
S4:7,Java,MSx6,0.28482
S4:7,Java,MSx6,0.28463
S4:7,Java,MSx6,0.2847
S4:7,Java,MSx6,0.28491
S4:7,Java,MSx6,0.28483
S4:7,Java,MSx6,0.28499
S4:7,Java,MSx6,0.28524
S4:7,Java,MSx6,0.28533
S4:7,Java,MSx6,0.28544
S4:7,Java,MSx6,0.28549
S4:7,Java,MSx6,0.28528
S4:7,Java,MSx6,0.28549
S4:7,Java,MSx6,0.28524
S4:7,Java,MSx6,0.28545
S4:7,Java,MSx6,0.28569
S4:7,Java,MSx6,0.28578
S4:7,Java,MSx6,0.28538
S4:7,Java,MSx6,0.28549
S4:7,Java,MSx6,0.2858
S2:3.5,.NET,MSx6,0.24317
S2:3.5,.NET,MSx6,0.24341
S2:3.5,.NET,MSx6,0.24342
S2:3.5,.NET,MSx6,0.24216
S2:3.5,.NET,MSx6,0.24243
S2:3.5,.NET,MSx6,0.24263
S2:3.5,.NET,MSx6,0.24254
S2:3.5,.NET,MSx6,0.24219
S2:3.5,.NET,MSx6,0.24246
S2:3.5,.NET,MSx6,0.24382
S2:3.5,.NET,MSx6,0.24394
S2:3.5,.NET,MSx6,0.24367
S2:3.5,.NET,MSx6,0.24379
S2:3.5,.NET,MSx6,0.24265
S2:3.5,.NET,MSx6,0.24206
S2:3.5,.NET,MSx6,0.24177
S2:3.5,.NET,MSx6,0.24179
S2:3.5,.NET,MSx6,0.24125
S2:3.5,.NET,MSx6,0.24129
S2:3.5,.NET,MSx6,0.2412
S4:7,.NET,MSx6,0.24203
S4:7,.NET,MSx6,0.24203
S4:7,.NET,MSx6,0.24222
S4:7,.NET,MSx6,0.24232
S4:7,.NET,MSx6,0.24213
S4:7,.NET,MSx6,0.242
S4:7,.NET,MSx6,0.24173
S4:7,.NET,MSx6,0.24188
S4:7,.NET,MSx6,0.24206
S4:7,.NET,MSx6,0.24202
S4:7,.NET,MSx6,0.24181
S4:7,.NET,MSx6,0.24155
S4:7,.NET,MSx6,0.24113
S4:7,.NET,MSx6,0.24141
S4:7,.NET,MSx6,0.24141
S4:7,.NET,MSx6,0.24161
S4:7,.NET,MSx6,0.24176
S4:7,.NET,MSx6,0.24158
S4:7,.NET,MSx6,0.24141
S4:7,.NET,MSx6,0.24122
B/S1:1.75,.NET,MSx10,0.14358
B/S1:1.75,.NET,MSx10,0.14275
B/S1:1.75,.NET,MSx10,0.14228
B/S1:1.75,.NET,MSx10,0.14167
B/S1:1.75,.NET,MSx10,0.14176
B/S1:1.75,.NET,MSx10,0.14173
B/S1:1.75,.NET,MSx10,0.14146
B/S1:1.75,.NET,MSx10,0.14183
B/S1:1.75,.NET,MSx10,0.14171
B/S1:1.75,.NET,MSx10,0.14121
B/S1:1.75,.NET,MSx10,0.14167
B/S1:1.75,.NET,MSx10,0.14171
B/S1:1.75,.NET,MSx10,0.1414
B/S1:1.75,.NET,MSx10,0.14416
B/S1:1.75,.NET,MSx10,0.14412
B/S1:1.75,.NET,MSx10,0.14411
B/S1:1.75,.NET,MSx10,0.14439
B/S1:1.75,.NET,MSx10,0.14422
B/S1:1.75,.NET,MSx10,0.14436
B/S1:1.75,.NET,MSx10,0.14575
B/S1:1.75,Java,MSx10,0.17239
B/S1:1.75,Java,MSx10,0.17228
B/S1:1.75,Java,MSx10,0.17153
B/S1:1.75,Java,MSx10,0.17107
B/S1:1.75,Java,MSx10,0.17133
B/S1:1.75,Java,MSx10,0.17112
B/S1:1.75,Java,MSx10,0.17057
B/S1:1.75,Java,MSx10,0.17056
B/S1:1.75,Java,MSx10,0.17025
B/S1:1.75,Java,MSx10,0.171
B/S1:1.75,Java,MSx10,0.17192
B/S1:1.75,Java,MSx10,0.17261
B/S1:1.75,Java,MSx10,0.17247
B/S1:1.75,Java,MSx10,0.17292
B/S1:1.75,Java,MSx10,0.17299
B/S1:1.75,Java,MSx10,0.17294
B/S1:1.75,Java,MSx10,0.17292
B/S1:1.75,Java,MSx10,0.17305
B/S1:1.75,Java,MSx10,0.17313
B/S1:1.75,Java,MSx10,0.17319
S2:3.5,Java,MSx10,0.28693
S2:3.5,Java,MSx10,0.28651
S2:3.5,Java,MSx10,0.28741
S2:3.5,Java,MSx10,0.28778
S2:3.5,Java,MSx10,0.28823
S2:3.5,Java,MSx10,0.28838
S2:3.5,Java,MSx10,0.28819
S2:3.5,Java,MSx10,0.28834
S2:3.5,Java,MSx10,0.28952
S2:3.5,Java,MSx10,0.28998
S2:3.5,Java,MSx10,0.29051
S2:3.5,Java,MSx10,0.29066
S2:3.5,Java,MSx10,0.29079
S2:3.5,Java,MSx10,0.29079
S2:3.5,Java,MSx10,0.29092
S2:3.5,Java,MSx10,0.29116
S2:3.5,Java,MSx10,0.29112
S2:3.5,Java,MSx10,0.29106
S2:3.5,Java,MSx10,0.29109
S2:3.5,Java,MSx10,0.29151
S4:7,Java,MSx10,0.29546
S4:7,Java,MSx10,0.29539
S4:7,Java,MSx10,0.29519
S4:7,Java,MSx10,0.29535
S4:7,Java,MSx10,0.29509
S4:7,Java,MSx10,0.29509
S4:7,Java,MSx10,0.29512
S4:7,Java,MSx10,0.2951
S4:7,Java,MSx10,0.29538
S4:7,Java,MSx10,0.29525
S4:7,Java,MSx10,0.29544
S4:7,Java,MSx10,0.29543
S4:7,Java,MSx10,0.29556
S4:7,Java,MSx10,0.29522
S4:7,Java,MSx10,0.29505
S4:7,Java,MSx10,0.29485
S4:7,Java,MSx10,0.29508
S4:7,Java,MSx10,0.29473
S4:7,Java,MSx10,0.29472
S4:7,Java,MSx10,0.29471
S2:3.5,.NET,MSx10,0.25948
S2:3.5,.NET,MSx10,0.25965
S2:3.5,.NET,MSx10,0.25993
S2:3.5,.NET,MSx10,0.25957
S2:3.5,.NET,MSx10,0.25949
S2:3.5,.NET,MSx10,0.25969
S2:3.5,.NET,MSx10,0.25978
S2:3.5,.NET,MSx10,0.25997
S2:3.5,.NET,MSx10,0.26006
S2:3.5,.NET,MSx10,0.26025
S2:3.5,.NET,MSx10,0.2604
S2:3.5,.NET,MSx10,0.26021
S2:3.5,.NET,MSx10,0.26028
S2:3.5,.NET,MSx10,0.26046
S2:3.5,.NET,MSx10,0.26049
S2:3.5,.NET,MSx10,0.26017
S2:3.5,.NET,MSx10,0.26012
S2:3.5,.NET,MSx10,0.26015
S2:3.5,.NET,MSx10,0.26054
S2:3.5,.NET,MSx10,0.26067
S4:7,.NET,MSx10,0.26904
S4:7,.NET,MSx10,0.26914
S4:7,.NET,MSx10,0.26905
S4:7,.NET,MSx10,0.26913
S4:7,.NET,MSx10,0.26909
S4:7,.NET,MSx10,0.26911
S4:7,.NET,MSx10,0.26907
S4:7,.NET,MSx10,0.26935
S4:7,.NET,MSx10,0.26967
S4:7,.NET,MSx10,0.26959
S4:7,.NET,MSx10,0.26956
S4:7,.NET,MSx10,0.26947
S4:7,.NET,MSx10,0.26942
S4:7,.NET,MSx10,0.26961
S4:7,.NET,MSx10,0.26939
S4:7,.NET,MSx10,0.26958
S4:7,.NET,MSx10,0.2695
S4:7,.NET,MSx10,0.26946
S4:7,.NET,MSx10,0.26948
S4:7,.NET,MSx10,0.26954
P4:14,.NET,Monolith,0.32121
P4:14,.NET,Monolith,0.32155
P4:14,.NET,Monolith,0.32244
P4:14,.NET,Monolith,0.32187
P4:14,.NET,Monolith,0.32176
P4:14,.NET,Monolith,0.32098
P4:14,.NET,Monolith,0.32041
P4:14,.NET,Monolith,0.3206
P4:14,.NET,Monolith,0.32061
P4:14,.NET,Monolith,0.3211
P4:14,.NET,Monolith,0.32128
P4:14,.NET,Monolith,0.32175
P4:14,.NET,Monolith,0.3219
P4:14,.NET,Monolith,0.32285
P4:14,.NET,Monolith,0.32334
P4:14,.NET,Monolith,0.32395
P4:14,.NET,Monolith,0.32408
P4:14,.NET,Monolith,0.32482
P4:14,.NET,Monolith,0.32585
P4:14,.NET,Monolith,0.32689
P4:14,Java,Monolith,0.38578
P4:14,Java,Monolith,0.38649
P4:14,Java,Monolith,0.38744
P4:14,Java,Monolith,0.38775
P4:14,Java,Monolith,0.38734
P4:14,Java,Monolith,0.38622
P4:14,Java,Monolith,0.38656
P4:14,Java,Monolith,0.38624
P4:14,Java,Monolith,0.38638
P4:14,Java,Monolith,0.38533
P4:14,Java,Monolith,0.38536
P4:14,Java,Monolith,0.38505
P4:14,Java,Monolith,0.38603
P4:14,Java,Monolith,0.38655
P4:14,Java,Monolith,0.38774
P4:14,Java,Monolith,0.38862
P4:14,Java,Monolith,0.38926
P4:14,Java,Monolith,0.3898
P4:14,Java,Monolith,0.39053
P4:14,Java,Monolith,0.39061
P4:14,.NET,MSx1,0.31942
P4:14,.NET,MSx1,0.3193
P4:14,.NET,MSx1,0.31906
P4:14,.NET,MSx1,0.31913
P4:14,.NET,MSx1,0.31887
P4:14,.NET,MSx1,0.31884
P4:14,.NET,MSx1,0.31861
P4:14,.NET,MSx1,0.31813
P4:14,.NET,MSx1,0.31769
P4:14,.NET,MSx1,0.31764
P4:14,.NET,MSx1,0.31749
P4:14,.NET,MSx1,0.31741
P4:14,.NET,MSx1,0.31748
P4:14,.NET,MSx1,0.31766
P4:14,.NET,MSx1,0.31754
P4:14,.NET,MSx1,0.31721
P4:14,.NET,MSx1,0.31777
P4:14,.NET,MSx1,0.31782
P4:14,.NET,MSx1,0.31816
P4:14,.NET,MSx1,0.3177
P4:14,.NET,MSx3,0.37708
P4:14,.NET,MSx3,0.3771
P4:14,.NET,MSx3,0.37729
P4:14,.NET,MSx3,0.3771
P4:14,.NET,MSx3,0.37753
P4:14,.NET,MSx3,0.37713
P4:14,.NET,MSx3,0.37785
P4:14,.NET,MSx3,0.37758
P4:14,.NET,MSx3,0.37795
P4:14,.NET,MSx3,0.37756
P4:14,.NET,MSx3,0.37785
P4:14,.NET,MSx3,0.37717
P4:14,.NET,MSx3,0.37747
P4:14,.NET,MSx3,0.37692
P4:14,.NET,MSx3,0.37748
P4:14,.NET,MSx3,0.37712
P4:14,.NET,MSx3,0.37773
P4:14,.NET,MSx3,0.38039
P4:14,.NET,MSx3,0.37774
P4:14,.NET,MSx3,0.37764
P4:14,.NET,MSx6,0.38151
P4:14,.NET,MSx6,0.38125
P4:14,.NET,MSx6,0.38093
P4:14,.NET,MSx6,0.38137
P4:14,.NET,MSx6,0.38081
P4:14,.NET,MSx6,0.38113
P4:14,.NET,MSx6,0.38078
P4:14,.NET,MSx6,0.38098
P4:14,.NET,MSx6,0.38054
P4:14,.NET,MSx6,0.38082
P4:14,.NET,MSx6,0.38046
P4:14,.NET,MSx6,0.38097
P4:14,.NET,MSx6,0.38066
P4:14,.NET,MSx6,0.38125
P4:14,.NET,MSx6,0.38093
P4:14,.NET,MSx6,0.38123
P4:14,.NET,MSx6,0.38076
P4:14,.NET,MSx6,0.38081
P4:14,.NET,MSx6,0.38043
P4:14,.NET,MSx6,0.38071
P4:14,.NET,MSx10,0.3836
P4:14,.NET,MSx10,0.38362
P4:14,.NET,MSx10,0.38422
P4:14,.NET,MSx10,0.3838
P4:14,.NET,MSx10,0.38424
P4:14,.NET,MSx10,0.38406
P4:14,.NET,MSx10,0.38444
P4:14,.NET,MSx10,0.38395
P4:14,.NET,MSx10,0.38439
P4:14,.NET,MSx10,0.38403
P4:14,.NET,MSx10,0.38444
P4:14,.NET,MSx10,0.38389
P4:14,.NET,MSx10,0.38476
P4:14,.NET,MSx10,0.38445
P4:14,.NET,MSx10,0.38462
P4:14,.NET,MSx10,0.38428
P4:14,.NET,MSx10,0.3845
P4:14,.NET,MSx10,0.38422
P4:14,.NET,MSx10,0.38469
P4:14,.NET,MSx10,0.38421
P4:14,.NET,MSx15,0.40367
P4:14,.NET,MSx15,0.40337
P4:14,.NET,MSx15,0.40239
P4:14,.NET,MSx15,0.40228
P4:14,.NET,MSx15,0.40187
P4:14,.NET,MSx15,0.40168
P4:14,.NET,MSx15,0.4018
P4:14,.NET,MSx15,0.40171
P4:14,.NET,MSx15,0.40184
P4:14,.NET,MSx15,0.40156
P4:14,.NET,MSx15,0.40098
P4:14,.NET,MSx15,0.40121
P4:14,.NET,MSx15,0.40112
P4:14,.NET,MSx15,0.40147
P4:14,.NET,MSx15,0.40166
P4:14,.NET,MSx15,0.40057
P4:14,.NET,MSx15,0.40065
P4:14,.NET,MSx15,0.40108
P4:14,.NET,MSx15,0.40099
P4:14,.NET,MSx15,0.40095
P4:14,.NET,MSx20,0.40325
P4:14,.NET,MSx20,0.40378
P4:14,.NET,MSx20,0.40284
P4:14,.NET,MSx20,0.40282
P4:14,.NET,MSx20,0.40242
P4:14,.NET,MSx20,0.40298
P4:14,.NET,MSx20,0.40215
P4:14,.NET,MSx20,0.40177
P4:14,.NET,MSx20,0.40084
P4:14,.NET,MSx20,0.401
P4:14,.NET,MSx20,0.40073
P4:14,.NET,MSx20,0.40117
P4:14,.NET,MSx20,0.40063
P4:14,.NET,MSx20,0.40095
P4:14,.NET,MSx20,0.40074
P4:14,.NET,MSx20,0.40096
P4:14,.NET,MSx20,0.40012
P4:14,.NET,MSx20,0.40026
P4:14,.NET,MSx20,0.40021
P4:14,.NET,MSx20,0.40081
P4:14,Java,MSx1,0.38886
P4:14,Java,MSx1,0.38884
P4:14,Java,MSx1,0.38921
P4:14,Java,MSx1,0.3889
P4:14,Java,MSx1,0.3881
P4:14,Java,MSx1,0.38735
P4:14,Java,MSx1,0.38846
P4:14,Java,MSx1,0.38825
P4:14,Java,MSx1,0.3876
P4:14,Java,MSx1,0.38709
P4:14,Java,MSx1,0.3883
P4:14,Java,MSx1,0.38927
P4:14,Java,MSx1,0.38988
P4:14,Java,MSx1,0.38934
P4:14,Java,MSx1,0.39018
P4:14,Java,MSx1,0.39029
P4:14,Java,MSx1,0.38966
P4:14,Java,MSx1,0.38924
P4:14,Java,MSx1,0.38936
P4:14,Java,MSx1,0.38959
P4:14,Java,MSx3,0.46071
P4:14,Java,MSx3,0.46184
P4:14,Java,MSx3,0.46161
P4:14,Java,MSx3,0.46115
P4:14,Java,MSx3,0.46153
P4:14,Java,MSx3,0.46256
P4:14,Java,MSx3,0.46266
P4:14,Java,MSx3,0.46199
P4:14,Java,MSx3,0.46159
P4:14,Java,MSx3,0.4617
P4:14,Java,MSx3,0.46348
P4:14,Java,MSx3,0.46369
P4:14,Java,MSx3,0.46378
P4:14,Java,MSx3,0.46636
P4:14,Java,MSx3,0.46859
P4:14,Java,MSx3,0.46659
P4:14,Java,MSx3,0.465
P4:14,Java,MSx3,0.4636
P4:14,Java,MSx3,0.46379
P4:14,Java,MSx3,0.46917
P4:14,Java,MSx6,0.51474
P4:14,Java,MSx6,0.51565
P4:14,Java,MSx6,0.51394
P4:14,Java,MSx6,0.51201
P4:14,Java,MSx6,0.51257
P4:14,Java,MSx6,0.51256
P4:14,Java,MSx6,0.5124
P4:14,Java,MSx6,0.51241
P4:14,Java,MSx6,0.51252
P4:14,Java,MSx6,0.51397
P4:14,Java,MSx6,0.51387
P4:14,Java,MSx6,0.51408
P4:14,Java,MSx6,0.51405
P4:14,Java,MSx6,0.514
P4:14,Java,MSx6,0.51377
P4:14,Java,MSx6,0.51368
P4:14,Java,MSx6,0.51173
P4:14,Java,MSx6,0.51083
P4:14,Java,MSx6,0.50761
P4:14,Java,MSx6,0.50562
P4:14,Java,MSx10,0.51917
P4:14,Java,MSx10,0.51991
P4:14,Java,MSx10,0.52792
P4:14,Java,MSx10,0.52725
P4:14,Java,MSx10,0.52614
P4:14,Java,MSx10,0.52488
P4:14,Java,MSx10,0.52433
P4:14,Java,MSx10,0.52476
P4:14,Java,MSx10,0.52459
P4:14,Java,MSx10,0.52402
P4:14,Java,MSx10,0.52473
P4:14,Java,MSx10,0.52456
P4:14,Java,MSx10,0.52354
P4:14,Java,MSx10,0.52288
P4:14,Java,MSx10,0.52316
P4:14,Java,MSx10,0.52302
P4:14,Java,MSx10,0.52265
P4:14,Java,MSx10,0.5217
P4:14,Java,MSx10,0.52158
P4:14,Java,MSx10,0.52195
P4:14,Java,MSx15,0.51493
P4:14,Java,MSx15,0.5156
P4:14,Java,MSx15,0.51512
P4:14,Java,MSx15,0.51529
P4:14,Java,MSx15,0.51569
P4:14,Java,MSx15,0.51388
P4:14,Java,MSx15,0.51371
P4:14,Java,MSx15,0.51193
P4:14,Java,MSx15,0.51084
P4:14,Java,MSx15,0.5106
P4:14,Java,MSx15,0.51203
P4:14,Java,MSx15,0.51127
P4:14,Java,MSx15,0.51097
P4:14,Java,MSx15,0.5088
P4:14,Java,MSx15,0.50854
P4:14,Java,MSx15,0.50646
P4:14,Java,MSx15,0.50561
P4:14,Java,MSx15,0.50327
P4:14,Java,MSx15,0.50334
P4:14,Java,MSx15,0.50465
P4:14,Java,MSx20,0.47114
P4:14,Java,MSx20,0.47178
P4:14,Java,MSx20,0.47118
P4:14,Java,MSx20,0.47066
P4:14,Java,MSx20,0.47149
P4:14,Java,MSx20,0.47034
P4:14,Java,MSx20,0.47981
P4:14,Java,MSx20,0.47942
P4:14,Java,MSx20,0.47914
P4:14,Java,MSx20,0.47016
P4:14,Java,MSx20,0.47987
P4:14,Java,MSx20,0.47088
P4:14,Java,MSx20,0.47117
P4:14,Java,MSx20,0.46891
P4:14,Java,MSx20,0.46751
P4:14,Java,MSx20,0.46611
P4:14,Java,MSx20,0.4651
P4:14,Java,MSx20,0.46513
P4:14,Java,MSx20,0.46626
P4:14,Java,MSx20,0.46575
